{
    "CA":
    {
      "name": "California",
      "min_lat": 32.5121,
      "max_lat": 42.0126,
      "min_lng": -124.6509,
      "max_lng": -114.1315
    },
    "CT":
    {
      "name": "Connecticut",
      "min_lat": 40.9509,
      "max_lat": 42.0511,
      "min_lng": -73.7272,
      "max_lng": -71.7874
    },
    "GA":
    {
      "name": "Georgia",
      "min_lat": 30.3575,
      "max_lat": 34.9996,
      "min_lng": -85.6082,
      "max_lng": -80.696
    },
    "NY":
    {
      "name": "New York",
      "min_lat": 40.4772,
      "max_lat": 45.0153,
      "min_lng": -79.7624,
      "max_lng": -71.7517
    },
    "TX":
    {
      "name": "Texas",
      "min_lat": 25.8419,
      "max_lat": 36.5008,
      "min_lng": -106.6168,
      "max_lng": -93.5074
    },
    "VA":
    {
      "name": "Virginia",
      "min_lat": 36.5427,
      "max_lat": 39.4659,
      "min_lng": -83.6753,
      "max_lng": -74.9707
    },
    "WA":
    {
      "name": "Washington",
      "min_lat": 45.5439,
      "max_lat": 49.0027,
      "min_lng": -124.8679,
      "max_lng": -116.9165
    },
    "DC":
    {
      "name": "District of Columbia",
      "min_lat": 38.79164435,
      "max_lat": 39.031386,
      "min_lng": -77.11979522,
      "max_lng": -76.867218
    }

  }